,np.tanh(std_delta_len),instruction_difficulty,not_gamed_baseline.astype(float)
llama-3-8b-dpo-new-merged,-0.5309563989039914,-0.4911745371588815,-0.2615389520441688
llama-3-8b-cdpo-new-merged,-0.4408951694142711,-0.5205722335008225,-0.2257352411716966
llama-3-8b-robust-new-merged,-0.5912336086843364,-0.5151568103818552,-0.3019310664426935
llama-3-8b-ours1-1-merged,-0.4446034536260158,-0.5340841673214888,-0.2450319830159213
Llama-3-Base-8B-SFT,-1.5949848977268888,0.5918479054752346,1.1168175205617805
