,np.tanh(std_delta_len),instruction_difficulty,not_gamed_baseline.astype(float)
Llama-3-Base-8B-SFT,-1.5031599699705007,0.4177444947771694,-3.8268608446354953
llama-3-8b-cdpo-new-merged,-1.5898397815007104,0.3844946088006430,-3.5068912934933523
llama-3-8b-dpo-new-merged,-1.8514623526306448,0.3794235088201303,-3.7663424732418496
llama-3-8b-robust-new-merged,-1.6461390184745175,0.3141851623064346,-3.8220746978380897
llama-3-8b-ours1-1-merged,-1.8365248259982709,0.7446444722546359,-10.6122776219460704
